{"query_ids":[45],"status":200,"prediction_global":["outlier","inlier","inlier","outlier","inlier","inlier","inlier","inlier","inlier","outlier","inlier","inlier","outlier","outlier","inlier","outlier","inlier","inlier","outlier","inlier","outlier","outlier","outlier","outlier","inlier","inlier","inlier","inlier","inlier","inlier","inlier","inlier","outlier","inlier","inlier","inlier","inlier","inlier","inlier","inlier","outlier","inlier","inlier","outlier","inlier","inlier","inlier","outlier","outlier","inlier"],"ranking_subspaces":[1],"score_subspace_grids":[[0.13962308085442987,0.09419884335075224,0.05712628406342679,0.030962196314584856,0.017307525436437987,0.016844994305571848,0.029489867902200873,0.05445668973195861,0.09019380863255799,0.13432881992088463,0.09595505173982799,0.043073054371880914,-0.0007296164259992244,-0.03219579545133644,-0.04908057614546668,-0.050263872050345215,-0.03571237351963663,-0.006447720510498245,0.03544485004445064,0.08689385354261159,0.06146005825231127,0.0022398624630602937,-0.04753183055856891,-0.08394323651518087,-0.10404688575733068,-0.10617091923801447,-0.09008597916720307,-0.05705611092249285,-0.009750266392257956,0.048041236541374155,0.039030866482809845,-0.02459107204162081,-0.07873145823651051,-0.11901880561203926,-0.1419101146320314,-0.14517360454150385,-0.1283039696286652,-0.09271360515268634,-0.04155538563571426,0.02078415855148774,0.030456394492665573,-0.03500956917325615,-0.09119654310367487,-0.13358842549841043,-0.1583486566144766,-0.16285626263492547,-0.1462908827479421,-0.10999210370119328,-0.05729591710904269,0.007098636273589309,0.03622215792646344,-0.02832205873039062,-0.08393742728870701,-0.12630351264878314,-0.15168446517673428,-0.15737425602909494,-0.14227816068355237,-0.10739944606558471,-0.055836941652011474,0.0077857577921823795,0.05555522530163415,-0.005563199466451008,-0.05824106262203799,-0.09861932436570142,-0.1233790576127487,-0.1300111910467059,-0.11725549045768535,-0.08562539780114398,-0.03763456902958051,0.022544493775620844,0.08663434031004447,0.030854088831508197,-0.01714779043730852,-0.05411336364964758,-0.07728501855194236,-0.08450003094838232,-0.07445630953755689,-0.04719755798368064,-0.004515115112626478,0.05011771299502665,0.12686226467753448,0.07762937027743833,0.035330531968734036,0.002602385522186612,-0.0183555890965873,-0.025752758221675998,-0.01834203166849424,0.004171176122975018,0.04065695575807893,0.08841540562128059,0.1731537570339865,0.13102746321350756,0.09485529527685832,0.06671005458438528,0.048310468105481674,0.04111148106428131,0.046244820864858704,0.06419067655725874,0.0943211047534882,0.13464521465341672]],"prediction_subspaces":[["outlier","inlier","inlier","outlier","inlier","inlier","inlier","inlier","inlier","outlier","inlier","inlier","outlier","outlier","inlier","outlier","inlier","inlier","outlier","inlier","outlier","outlier","outlier","outlier","inlier","inlier","inlier","inlier","inlier","inlier","inlier","inlier","outlier","inlier","inlier","inlier","inlier","inlier","inlier","inlier","outlier","inlier","inlier","outlier","inlier","inlier","inlier","outlier","outlier","inlier"]]}