{"query_ids":[17],"status":200,"prediction_global":["outlier","inlier","inlier","outlier","inlier","inlier","inlier","inlier","inlier","outlier","inlier","inlier","outlier","outlier","inlier","outlier","inlier","inlier","outlier","inlier","outlier","outlier","outlier","outlier","inlier","inlier","inlier","inlier","inlier","inlier","inlier","inlier","outlier","inlier","inlier","inlier","inlier","inlier","inlier","inlier","outlier","inlier","inlier","outlier","inlier","inlier","inlier","outlier","outlier","inlier"],"ranking_subspaces":[1],"score_subspace_grids":[[0.13962359655551682,0.09419940460225218,0.057126872992551925,0.03096278707104394,0.017308089344893918,0.016845506854895942,0.029490314635026715,0.05445706854052479,0.0901941279353895,0.13432909421779549,0.09595552154897036,0.04307357339382745,-0.000729062915889922,-0.03219523213727926,-0.049080032974893495,-0.05026337626823252,-0.03571194201813399,-0.00644735638088223,0.03544515555806427,0.0868941157373736,0.061460448895257924,0.002240299962162129,-0.04753135546974718,-0.08394274378773603,-0.10404640276694332,-0.1061704730082701,-0.09008558758552854,-0.057055778126365087,-0.009749984486741803,0.04804148186369295,0.03903115447131289,-0.02459074633026903,-0.07873109749819696,-0.11901842205589896,-0.14190972867317597,-0.1451732387677731,-0.12830364048888399,-0.09271331772714853,-0.04155513449755288,0.02078438449195419,0.030456574438295303,-0.03500936513946995,-0.0911963114595914,-0.13358816958093644,-0.15834838701788267,-0.162855993928263,-0.1462906274617808,-0.1099918675092717,-0.05729569831805581,0.007098843809848376,0.036222245152840116,-0.02832196108831342,-0.08393731076286692,-0.12630337276916792,-0.1516843029993049,-0.15737407743346432,-0.14227797326726555,-0.10739925551748641,-0.055836750011382885,0.007785951502490063,0.05555525078849022,-0.005563173428354551,-0.05824102428755673,-0.09861926400032428,-0.12337896965643935,-0.1300110750080853,-0.11725534987744046,-0.08562523783811049,-0.03763439419458259,0.022544680602896605,0.08663434065391096,0.03085408484839358,-0.01714778558722374,-0.05411333791930428,-0.0772849633689231,-0.08449994267309247,-0.07445618933529352,-0.04719741021899515,-0.004514945193614062,0.050117900236192,0.12686227223487923,0.07762937247348412,0.035330541621184985,0.002602414550620269,-0.0183555318464238,-0.02575266835892598,-0.01834190934294566,0.004171327363178268,0.04065713073381916,0.08841559911613384,0.17315379404527032,0.13102749579890216,0.09485533464517126,0.06671011104748015,0.04831054931263712,0.0411115909376597,0.04624495954024688,0.06419084123365759,0.09432129103638998,0.13464541785638728]],"prediction_subspaces":[["outlier","inlier","inlier","outlier","inlier","inlier","inlier","inlier","inlier","outlier","inlier","inlier","outlier","outlier","inlier","outlier","inlier","inlier","outlier","inlier","outlier","outlier","outlier","outlier","inlier","inlier","inlier","inlier","inlier","inlier","inlier","inlier","outlier","inlier","inlier","inlier","inlier","inlier","inlier","inlier","outlier","inlier","inlier","outlier","inlier","inlier","inlier","outlier","outlier","inlier"]]}